{
  "projectID": "<GCP_PROJECT_ID>",
  "functionAutoUpdate": true,
  "scannerStacks": {
    "<SCANNER_STACK_NAME>": {
      "region": "<GCP_REGION>",
      "managementServiceAccountProjectID": "<MANAGEMENT_SERVICE_ACCOUNT_GCP_PROJECT_ID>",
      "managementServiceAccountID": "<MANAGEMENT_SERVICE_ACCOUNT_ID>"
    }
  },
  "storageStacks": {
    "<STORAGE_STACK_NAME>": {
      "scanner": "<SCANNER_STACK_NAME>",
      "scanningBucketName": "<SCANNING_BUCKET_NAME>",
      "region": "<GCP_REGION>",
      "managementServiceAccountProjectID": "<MANAGEMENT_SERVICE_ACCOUNT_GCP_PROJECT_ID>",
      "managementServiceAccountID": "<MANAGEMENT_SERVICE_ACCOUNT_ID>",
      "scannerProjectID": null,
      "scannerTopic": null,
      "scannerServiceAccountID": null,
      "reportObjectKey": false,
      "disableScanningBucketIAMBinding": false
    }
  }
}
