{
  "projectID": "<GCP_PROJECT_ID>",
  "functionAutoUpdate": true,
  "storageStacks": {
    "<STORAGE_STACK_NAME>": {
      "scanningBucketName": "<SCANNING_BUCKET_NAME>",
      "region": "<GCP_REGION>",
      "managementServiceAccountProjectID": "<MANAGEMENT_SERVICE_ACCOUNT_GCP_PROJECT_ID>",
      "managementServiceAccountID": "<MANAGEMENT_SERVICE_ACCOUNT_ID>",
      "scannerProjectID": "<SCANNER_STACK_PROJECT_ID>",
      "scannerTopic": "<SCANNER_STACK_PUBSUB_TOPIC_NAME>",
      "scannerServiceAccountID": "<SCANNER_STACK_SERVICE_ACCOUNT_ID>",
      "reportObjectKey": false,
      "disableScanningBucketIAMBinding": false,
      "scanner": null
    }
  }
}
